ID,Type,SKU,"GTIN, UPC, EAN, or ISBN",Name,Published,Is featured?,Visibility in catalog,Short description,Description,Date sale price starts,Date sale price ends,Tax status,Tax class,In stock?,Stock,Low stock amount,Backorders allowed?,Sold individually?,Weight (lbs),Length (in),Width (in),Height (in),Allow customer reviews?,Purchase note,Sale price,Regular price,Categories,Tags,Shipping class,Images,Download limit,Download expiry days,Parent,Grouped products,Upsells,Cross-sells,External URL,Button text,Position,Brands,Meta: _wp_page_template,Meta: orgarium_disable_page_title,Meta: orgarium_no_breadcrumbs,Meta: orgarium_breadcrumb_layout,Meta: orgarium_breacrumb_bg_opacity,Meta: rs_page_bg_color,Meta: _aioseo_og_title,Meta: _aioseo_og_description,Meta: _aioseo_og_article_section,Meta: _aioseo_twitter_title,Meta: _aioseo_twitter_description,Meta: _monsterinsights_sitenote_active
1803,simple,,,Battery Cage — Breeder (Male + Female),1,0,visible,"Metplast’s Breeder Cages are designed to create optimal breeding conditions, ensuring superior comfort and efficiency for your breeder birds. Built with a robust and ergonomic design, our cages maximize productivity while maintaining the highest standards of bird welfare. With up to 99% feed accuracy, our system guarantees optimum nutrition to your birds and minimal feed wastage, leading to cost-effective poultry management.","<strong>Precision-Engineered for Maximum Productivity\n</strong>\nTo enhance breeding efficiency, we offer a <strong>custom placement option for male birds</strong>, streamlining the artificial insemination process for <strong>improved breeding outcomes</strong>. Additionally, our <strong>innovative cage structure significantly reduces egg breakage</strong>, ensuring <strong>higher-quality yields and improved farm efficiency</strong>.\n\n<strong>Key Features:</strong>\n\n✅ <strong>Superior Build Quality</strong> – Durable and ergonomically designed for maximum bird comfort and productivity.\n✅ <strong>99% Feed Accuracy</strong> – Precision-engineered feeding system reduces waste and optimizes nutrition.\n✅ <strong>Custom Male Bird Placement</strong> – Enhances breeding convenience and efficiency during artificial insemination.\n✅ <strong>Egg Protection Design</strong> – Reduces egg breakage, ensuring higher-quality yields.\n✅ <strong>Farm Efficiency Boost</strong> – Thoughtful engineering minimizes labour and enhances overall operational efficiency.\n\n<strong>Key Benefits:</strong>\n\n🔹 <strong>Increased Productivity</strong> – Optimized breeding environment leads to better fertility and egg production.\n🔹 <strong>Cost-Effective Management</strong> – Reduced feed wastage translates to lower operational costs.\n🔹 <strong>Higher Hatchability Rates</strong> – Custom male bird placement improves fertilization success.\n🔹 <strong>Superior Egg Quality</strong> – Reduced breakage ensures higher-grade eggs and profitability.\n🔹 <strong>Long-Lasting Durability</strong> – Built with premium materials for extended service life and minimal maintenance.\n<ol start=""2"">\n 	<li><strong> H-Type Breeder Pullet Cages – The Perfect Start for Strong &amp; Healthy Birds</strong></li>\n</ol>\nMetplast’s <strong>Breeder Pullet Cages</strong> are expertly designed to provide a <strong>safe, comfortable, and nurturing environment</strong> for chicks from <strong>day-old to 14 weeks</strong>. Built with precision and durability, these cages support <strong>optimal growth and development</strong>, ensuring your birds reach breeding maturity in the best possible condition.\n\nOur <strong>high-quality cage mats</strong> are specially designed to prevent <strong>blisters and foot-related issues</strong>, promoting <strong>stronger and healthier birds</strong>. Additionally, the <strong>adjustable nipple drinking system</strong> ensures <strong>consistent and easy access to clean water</strong> at every stage of their development.\n\n<strong>Key Features:</strong>\n\n✅ <strong>Ideal for Day-Old to 14 Weeks</strong> – Designed to support early-stage growth with a secure and nurturing environment.\n✅ <strong>Premium Cage Mats</strong> – Prevents blisters and foot injuries, ensuring better bird health.\n✅ <strong>Adjustable Nipple Drinking System</strong> – Adapts to the chicks' growth, providing effortless hydration.\n✅ <strong>Durable &amp; Hygienic Design</strong> – Easy to clean and maintain, reducing disease risks.\n✅ <strong>Optimized Space Utilization</strong> – Efficient layout enhances bird comfort and farm productivity.\n\n<strong>Key Benefits:</strong>\n\n🔹 <strong>Stronger &amp; Healthier Birds</strong> – Thoughtful design prevents foot problems and supports proper development.\n🔹 <strong>Consistent Hydration</strong> – Adjustable drinking system ensures chicks have access to water at all growth stages.\n🔹 <strong>Higher Survivability</strong> – Safe and comfortable conditions reduce chick mortality rates.\n🔹 <strong>Improved Farm Efficiency</strong> – Well-structured design minimizes labour and maximizes space utilization.\n🔹 <strong>Long-Term Durability</strong> – High-quality materials ensure longevity and low maintenance costs.",,,taxable,,1,,,0,0,,,,,1,,,,"Breeder, Metplast",,,"https://metplast.com/wp-content/uploads/2025/03/IMG_2185-2-scaled.jpg, https://metplast.com/wp-content/uploads/2025/03/IMG_2203-scaled.jpg, https://metplast.com/wp-content/uploads/2025/03/IMG_4553-scaled.jpg, https://metplast.com/wp-content/uploads/2025/03/IMG_4558-scaled.jpg, https://metplast.com/wp-content/uploads/2025/03/IMG_4564-scaled.jpg, https://metplast.com/wp-content/uploads/2025/03/IMG_4572-scaled.jpg, https://metplast.com/wp-content/uploads/2025/03/IMG_4594-scaled.jpg",,,,,,,,,0,,default,0,0,layout_options,50,,,,,,,
1815,simple,,,A-Frame Breeder Cages,1,0,visible,"Metplast’s <strong>A-Frame Breeder Cages</strong> provide an efficient and <strong>cost-effective alternative</strong> for breeder farms, ensuring <strong>optimized bird comfort, easy management, and better productivity</strong>. Designed for <strong>manual operations</strong>, these cages offer <strong>durability and ease of use</strong>, making them ideal for farms preferring <strong>low-maintenance solutions</strong>.","<strong>Reliable &amp; Cost-Effective Solution for Breeder Farms</strong>\n\n&nbsp;\n<ol>\n 	<li><strong> Chick cum Growing Cage </strong></li>\n</ol>\n✅ Safe and comfortable environment for early-stage chick development.\n✅ Uniform feed and water access for optimal growth.\n<ol>\n 	<li><strong> Growing Cage </strong></li>\n</ol>\n✅ Spacious design for pullet development with adequate movement space.\n<ol>\n 	<li><strong> Laying Cage</strong></li>\n</ol>\n✅ Sturdy and ergonomic design supports productive laying and fertility.\n✅ Separate sections for male and female birds to optimize breeding performance.\n✅ Durable cage matts minimize breakage and ensure better hatchability.\n\n<strong>Key Benefits:</strong>\n🔹 Cost-effective solution with <strong>easy manual operation</strong>.\n🔹 Durable, low-maintenance structure for long-term use.\n🔹 Supports healthy bird growth across all stages, ensuring <strong>higher fertility and productivity</strong>.\n\nMetplast’s <strong>A-Frame Breeder Cages</strong> provide a <strong>proven and efficient</strong> system to support <strong>breeder bird development</strong>, ensuring a <strong>smooth transition from chick to high-yield laying phase</strong>.",,,taxable,,1,,,0,0,,,,,1,,,,"Breeder, Metplast",,,,,,,,,,,,0,,default,0,0,layout_options,50,,,,,,,
1816,simple,,,Battery Cage — Breeder Chick-cum-Grower,1,0,visible,"Metplast’s <strong>Breeder Pullet Cages</strong> are expertly designed to provide a <strong>safe, comfortable, and nurturing environment</strong> for chicks from <strong>day-old to 14 weeks</strong>. Built with precision and durability, these cages support <strong>optimal growth and development</strong>, ensuring your birds reach breeding maturity in the best possible condition.","<strong>The Perfect Start for Strong &amp; Healthy Birds</strong>\n\n&nbsp;\n\nOur <strong>high-quality cage mats</strong> are specially designed to prevent <strong>blisters and foot-related issues</strong>, promoting <strong>stronger and healthier birds</strong>. Additionally, the <strong>adjustable nipple drinking system</strong> ensures <strong>consistent and easy access to clean water</strong> at every stage of their development.\n\n<strong>Key Features:</strong>\n\n✅ <strong>Ideal for Day-Old to 14 Weeks</strong> – Designed to support early-stage growth with a secure and nurturing environment.\n✅ <strong>Premium Cage Mats</strong> – Prevents blisters and foot injuries, ensuring better bird health.\n✅ <strong>Adjustable Nipple Drinking System</strong> – Adapts to the chicks' growth, providing effortless hydration.\n✅ <strong>Durable &amp; Hygienic Design</strong> – Easy to clean and maintain, reducing disease risks.\n✅ <strong>Optimized Space Utilization</strong> – Efficient layout enhances bird comfort and farm productivity.\n\n<strong>Key Benefits:</strong>\n\n🔹 <strong>Stronger &amp; Healthier Birds</strong> – Thoughtful design prevents foot problems and supports proper development.\n🔹 <strong>Consistent Hydration</strong> – Adjustable drinking system ensures chicks have access to water at all growth stages.\n🔹 <strong>Higher Survivability</strong> – Safe and comfortable conditions reduce chick mortality rates.\n🔹 <strong>Improved Farm Efficiency</strong> – Well-structured design minimizes labour and maximizes space utilization.\n🔹 <strong>Long-Term Durability</strong> – High-quality materials ensure longevity and low maintenance costs.\n\n&nbsp;",,,taxable,,1,,,0,0,,,,,1,,,,"Breeder, Metplast, Turnkey Solutions",,,https://metplast.com/wp-content/uploads/2025/03/IMG_8121-scaled.jpg,,,,,,,,,0,,default,0,0,layout_options,50,,,,,,,
1820,simple,,,Battery Cage — Laying Cage,1,0,visible,"Metplast’s <strong>Layer Cages</strong> are meticulously designed to deliver <strong>exceptional performance and efficiency</strong> for poultry farmers. Engineered for <strong>optimal bird health, egg quality, and farm productivity</strong>, our cages ensure <strong>uniform feed distribution</strong>, reducing waste while promoting <strong>consistent nutrition</strong> and <strong>optimal growth</strong>. The <strong>easy-to-operate feeding trolley panels</strong> streamline daily operations, making feeding more convenient and efficient.","<strong>Precision-Engineered for Maximum Productivity &amp; Egg Quality</strong>\n\n&nbsp;\n\nWith a <strong>multi-tier design</strong>, our cages <strong>maximize space utilization</strong>, enhancing farm efficiency. The <strong>increased box height</strong> ensures <strong>better bird comfort</strong>, while the <strong>advanced manure removal system</strong> keeps the environment <strong>clean and hygienic</strong>. Our <strong>egg collection system</strong> is designed for <strong>gentle transport</strong>, minimizing damage and preserving the <strong>quality of every egg</strong>.\n\nBuilt with <strong>precision engineering</strong>, our systems guarantee <strong>smooth operation, durability, and long-term reliability</strong>. Additionally, we provide <strong>customized silos</strong> to match your farm’s specific needs and <strong>advanced environmental control systems</strong> to ensure <strong>precise farm management</strong> with modern controllers and panels.\n\n<strong>Key Features:</strong>\n\n✅ <strong>Uniform Feed Distribution</strong> – Ensures optimal nutrition, reducing feed waste and promoting healthy bird growth.\n✅ <strong>Multi-Tier Space Optimization</strong> – Maximizes farm efficiency without compromising bird welfare.\n✅ <strong>Increased Box Height</strong> – Provides enhanced comfort for birds, reducing stress and improving productivity.\n✅ <strong>Advanced Manure Removal System</strong> – Keeps the environment clean, reducing disease risks.\n✅ <strong>Gentle Egg Collection System</strong> – Minimizes egg damage, ensuring higher-quality yields.\n\n<strong>Key Benefits:</strong>\n\n🔹 <strong>Higher Egg Quality &amp; Yield</strong> – Gentle transport and well-structured design protect egg integrity.\n🔹 <strong>Better Bird Health &amp; Comfort</strong> – Spacious design and uniform feeding improve overall well-being.\n🔹 <strong>Efficient Waste Management</strong> – Keeps the farm cleaner, reducing labour and maintenance efforts.\n🔹 <strong>Maximized Farm Efficiency</strong> – Space-saving design enhances productivity without increasing costs.\n🔹 <strong>Durable &amp; Low Maintenance</strong> – Built with high-quality materials for long-lasting performance.\n\n&nbsp;",,,taxable,,1,,,0,0,,,,,1,,,,"Layer, Metplast, Turnkey Solutions",,,"https://metplast.com/wp-content/uploads/2025/03/IMG_2962-3-scaled.jpg, https://metplast.com/wp-content/uploads/2025/03/IMG_1169-scaled.jpg, https://metplast.com/wp-content/uploads/2025/03/IMG_E2975-scaled.jpg, https://metplast.com/wp-content/uploads/2025/03/IMG_3017-scaled.jpg, https://metplast.com/wp-content/uploads/2025/03/IMG_3004-2-scaled.jpg, https://metplast.com/wp-content/uploads/2025/03/IMG_2998-1-scaled.jpg, https://metplast.com/wp-content/uploads/2025/03/IMG_2982-2-scaled.jpg, https://metplast.com/wp-content/uploads/2025/03/IMG_2977-3-scaled.jpg, https://metplast.com/wp-content/uploads/2025/03/IMG_2962-3-scaled.jpg, https://metplast.com/wp-content/uploads/2025/03/IMG_2956-scaled.jpg",,,,,,,,,0,,default,0,0,layout_options,50,,,,,,,
1821,simple,,,Battery Cage — Chick-cum-Grower,1,0,visible,"Metplast’s <strong>Layer Pullet Cages</strong> are designed to provide a <strong>safe, comfortable, and growth-focused environment</strong> for pullets from <strong>day-old to maturity</strong>. Built with <strong>precision engineering</strong>, these cages ensure <strong>optimal development</strong>, preparing birds for a highly productive laying phase.","<strong>The Ideal Start for Healthy &amp; Productive Layers</strong>\n\nEquipped with an <strong>adjustable nipple drinking system</strong>, our cages provide <strong>easy water access at every growth stage</strong>, ensuring proper hydration and improved bird health. The <strong>swing-open doors</strong> allow for <strong>easy handling and monitoring of birds</strong>, making daily management more convenient. Designed without an egg collection system, the cage focuses entirely on <strong>supporting strong and healthy pullets</strong> before they transition to layer production.\n\n<strong>Key Features:</strong>\n\n✅ <strong>Adjustable Nipple Drinking System</strong> – Provides easy and consistent water access as birds grow.\n✅ <strong>Swing-Open Doors</strong> – Ensures effortless bird handling and monitoring.\n✅ <strong>Optimized Space Utilization</strong> – Designed to house pullets efficiently, maximizing farm capacity.\n✅ <strong>Strong &amp; Durable Build</strong> – Sturdy materials ensure long-lasting performance.\n✅ <strong>Hygienic &amp; Easy to Maintain</strong> – Reduces disease risk and simplifies farm management.\n\n<strong>Key Benefits:</strong>\n\n🔹 <strong>Better Pullet Development</strong> – Designed to nurture strong and healthy layers for high productivity.\n\n🔹 <strong>Easy Access &amp; Handling</strong> – Swing-open doors make monitoring and management effortless.\n🔹 <strong>Consistent Hydration</strong> – Adjustable water system supports optimal bird health.\n🔹 <strong>Higher Survivability Rates</strong> – A well-ventilated, spacious, and stress-free environment boosts growth.\n🔹 <strong>Long-Term Farm Efficiency</strong> – Durable, low-maintenance design ensures reliable performance.",,,taxable,,1,,,0,0,,,,,1,,,,"Layer, Metplast, Turnkey Solutions",,,"https://metplast.com/wp-content/uploads/2025/03/DSC_1794-scaled.jpg, https://metplast.com/wp-content/uploads/2025/03/DSC_1777-scaled.jpg, https://metplast.com/wp-content/uploads/2025/03/DSC_1779-scaled.jpg, https://metplast.com/wp-content/uploads/2025/03/DSC_1794-scaled.jpg, https://metplast.com/wp-content/uploads/2025/03/DSC_1822-1-scaled.jpg, https://metplast.com/wp-content/uploads/2025/03/DSC_1837-scaled.jpg, https://metplast.com/wp-content/uploads/2025/03/DSC_1845-scaled.jpg, https://metplast.com/wp-content/uploads/2025/03/IMG20200217105509-scaled.jpg",,,,,,,,,0,,default,0,0,layout_options,50,,,,,,,
1822,simple,,,Iron Nest,1,0,visible,"Metplast’s <strong>A-Frame (Manual/California) Commercial Layer Cages</strong> provide an affordable and <strong>efficient solution</strong> for poultry farms, ensuring <strong>optimal bird comfort, easy management, and high egg production</strong>. Designed for <strong>manual operations</strong>, these cages are <strong>durable, easy to maintain, and maximize farm efficiency</strong>","<strong>Efficient &amp; Cost-Effective Egg Production</strong>\n<ol>\n 	<li><strong> Chick cum Growing Cage </strong></li>\n</ol>\n✅ Secure and comfortable housing for young chicks, ensuring healthy growth.\n✅ Manual feeding and watering system to promote consistent development.\n✅ Well-ventilated design to reduce heat stress and mortality.\n<ol start=""2"">\n 	<li><strong> Growing Cage </strong></li>\n</ol>\n✅ Spacious design supports pullets' movement and skeletal development.\n<ol start=""3"">\n 	<li><strong> Laying Cage </strong></li>\n</ol>\n✅ Optimized cage height for bird comfort and higher egg production.\n✅ Sturdy construction ensures long-term durability and reliability.\n\n<strong>Key Benefits:</strong>\n🔹 <strong>Cost-effective and durable</strong> manual cage system.\n🔹 <strong>High space utilization</strong> for maximum bird capacity.\n🔹 <strong>Designed for high egg yield</strong>, minimizing stress and maximizing productivity.\n\nMetplast’s <strong>A-Frame Commercial Layer Cages</strong> offer a <strong>proven and efficient</strong> system to support <strong>commercial egg production</strong>, ensuring <strong>high output with minimal maintenance</strong>.",,,taxable,,1,,,0,0,,,,,1,,,,"Layer, Metplast, Turnkey Solutions",,,,,,,,,,,,0,,default,0,0,layout_options,50,,,,,,,
1823,simple,,,Battery Cage — Broiler,1,0,visible,"Metplast’s <strong>H-Type Broiler Battery Cages</strong> provide an <strong>innovative, space-efficient solution</strong> for intensive broiler farming. With a <strong>multi-tier vertical design</strong>, this system allows <strong>high stocking density</strong>, reducing the overall farm footprint while ensuring <strong>healthy growth conditions</strong> for the birds.","<strong>Key Features:</strong>\n\n✅ <strong>High-Density Rearing</strong> – Multi-tier design allows more birds per square meter, maximizing production.\n✅ <strong>Optimized Feed Conversion</strong> – Precision feeding system ensures minimal waste and improved weight gain.\n✅ <strong>Advanced Nipple Drinking System</strong> – 360-degree nipples with drip cups provide consistent hydration.\n✅ <strong>Automated Manure Removal</strong> – Ensures a hygienic environment, reducing ammonia levels and disease risk.\n✅ <strong>Bird Harvesting System</strong> – Streamlines the collection process, reducing stress on birds and farmworkers.\n\n<strong>Key Benefits:</strong>\n\n🔹 <strong>Improved FCR (Feed Conversion Ratio)</strong> – Ensures optimal weight gain with efficient feed utilization.\n🔹 <strong>Hygienic &amp; Disease-Free Environment</strong> – Reduces mortality rates and enhances bird welfare.\n🔹 <strong>Space Optimization</strong> – Higher stocking capacity leads to increased profitability.\n🔹 <strong>Labor Savings</strong> – Automated systems reduce manual work, improving operational efficiency.\n🔹 <strong>Superior Meat Quality</strong> – Healthy rearing conditions lead to better muscle development and higher meat yield.",,,taxable,,1,,,0,0,,,,,1,,,,"Broiler, Metplast, Turnkey Solutions",,,,,,,,,,,,0,,default,0,0,layout_options,50,,,,,,,
1824,simple,,,Deep Litter System,1,0,visible,"The <strong>Deep Litter Broiler System</strong> is a <strong>cost-effective and flexible</strong> solution for commercial broiler farming. Birds are housed on a <strong>bedding material-covered floor</strong>, ensuring <strong>natural movement and comfortable growth</strong>. Metplast provides a <strong>fully automated setup</strong> to simplify farm management and <strong>maximize growth performance.</strong>","<strong>Key Features:</strong>\n\n✅ <strong>Automated Feeding System</strong> – High-capacity feeder pans ensure even distribution and minimal wastage.\n✅ <strong>Nipple Drinking System</strong> – Easy-access water supply promotes consistent hydration.\n✅ <strong>Feed Silos &amp; Winching Systems</strong> – Simplifies feed handling and adjusts feeder height as birds grow.\n✅ <strong>Brooding &amp; Heating Equipment</strong> – Ensures optimal chick comfort for a strong start.\n✅ <strong>Poultry Curtains &amp; Ventilation</strong> – Controls temperature and airflow for better flock health.\n\n<strong>Key Benefits:</strong>\n\n🔹 <strong>Lower Initial Investment</strong> – Requires minimal infrastructure compared to caged systems.\n🔹 <strong>Better Bird Welfare</strong> – Allows free movement, leading to stronger legs and healthier broilers.\n🔹 <strong>Reduced Feed Waste</strong> – Ergonomically designed feeders ensure clean and efficient consumption.\n🔹 <strong>Easy Cleaning &amp; Maintenance</strong> – Simplified system reduces labour efforts.\n🔹 <strong>Scalable for Any Farm Size</strong> – Can be adapted to both small and large-scale poultry operations.\n\nMetplast’s <strong>Broiler Rearing Solutions</strong> provide <strong>a combination of high efficiency, excellent bird health, and superior meat yield</strong>, making them ideal for modern poultry farms.",,,taxable,,1,,,0,0,,,,,1,,,,"Broiler, Metplast, Products",,,,,,,,,,,,0,,default,0,0,layout_options,50,,,,,,,
1825,simple,,,Nipple Drinking System,1,0,visible,,"Metplast’s Nipple Drinking System provides a superior watering solution for broilers, layers, and breeders. Designed for optimal performance, it ensures fresh, clean water supply to improve bird health and productivity.\n\n<strong>Key Features &amp; Benefits:</strong>\n<ul>\n 	<li>Consistent water flow ensures hydrated, healthier birds.</li>\n 	<li>Reduces contamination and minimizes water wastage.</li>\n 	<li>Durable, high-quality materials for long-lasting use.</li>\n</ul>",,,taxable,,1,,,0,0,,,,,1,,,,"Drinking System, Metplast, Products",,,https://metplast.com/wp-content/uploads/2025/03/Web-capture_2-2-2024_145447_.jpeg,,,,,,,,,0,,default,0,0,layout_options,50,,,,,,,
1826,simple,,,Automatic Feeding System,1,0,visible,,"An advanced feeding system designed to optimize feed conversion rates while minimizing wastage, ideal for both broilers and breeders.\n\n<strong>Key Features &amp; Benefits:</strong>\n<ul>\n 	<li>Adjustable pan height and diameter for birds of all ages.</li>\n 	<li>Ensures easy feed access, reducing stress and competition.</li>\n 	<li>Prevents contamination and feed wastage.</li>\n 	<li>Sturdy construction ensures durability and long-term use.</li>\n</ul>",,,taxable,,1,,,0,0,,,,,1,,,,"Feeding System, Metplast, Products",,,https://metplast.com/wp-content/uploads/2025/03/pan-feeding-system-1000x1000-1.png,,,,,,,,,0,,default,0,0,layout_options,50,,,,,,,
1827,simple,,,Hopper Delivery System,1,0,visible,,"An efficient solution for transferring feed to Silos or directly to the feeding line, ensuring continuous supply.\n\n<strong>Key Features &amp; Benefits:</strong>\n<ul>\n 	<li>Large capacity for reduced refill frequency.</li>\n 	<li>Efficient feed transfer with minimal spillage.</li>\n 	<li>Compatible with various feeding systems.</li>\n 	<li>Durable, weather-resistant construction.</li>\n</ul>",,,taxable,,1,,,0,0,,,,,1,,,,"Feeding System, Metplast, Products",,,https://metplast.com/wp-content/uploads/2025/03/Hopper-Delivery-System.jpg,,,,,,,,,0,,default,0,0,layout_options,50,,,,,,,
1828,simple,,,Silo,1,0,visible,,"A robust storage solution for bulk feed, designed for efficient conveying in poultry houses.\n\n<strong>Key Features &amp; Benefits:</strong>\n<ul>\n 	<li>Constructed with 275 GSM galvanized steel for weather resistance.</li>\n 	<li>Supports both screw conveyor and automated feed conveying systems.</li>\n 	<li>Reduces manual labour and feed wastage.</li>\n 	<li>Ensures a consistent and fresh feed supply.</li>\n</ul>",,,taxable,,1,,,0,0,,,,,1,,,,"Feeding System, Metplast, Products",,,"https://metplast.com/wp-content/uploads/2025/03/20230519_101410.jpg, https://metplast.com/wp-content/uploads/2025/03/Silo-scaled.jpg, https://metplast.com/wp-content/uploads/2025/03/Untitled-design-scaled.jpg",,,,,,,,,0,,default,0,0,layout_options,50,,,,,,,
1829,simple,,,Load Cell,1,0,visible,,"A precision device for monitoring silo weight and feed levels to enhance efficiency.\n\n<strong>Key Features &amp; Benefits:</strong>\n<ul>\n 	<li>Provides accurate real-time weight measurement.</li>\n 	<li>Helps prevent overfilling or feed shortages.</li>\n 	<li>Improves feed management and cost efficiency.</li>\n</ul>\nDurable and easy to install.",,,taxable,,1,,,0,0,,,,,1,,,,"Feeding System, Metplast, Products",,,https://metplast.com/wp-content/uploads/2025/03/Load-Cell.jpg,,,,,,,,,0,,default,0,0,layout_options,50,,,,,,,
1830,simple,,,Exhaust Fan,1,0,visible,,"High-efficiency ventilation fans designed for optimal airflow in poultry houses.\n\n<strong>Key Features &amp; Benefits:</strong>\n<ul>\n 	<li>Available in centrifugal shutter and swing drop hammer models.</li>\n 	<li>High-quality stainless-steel blades for durability.</li>\n 	<li>Lightweight aluminium-magnesium alloy belt pulley for efficiency.</li>\n 	<li>Corrosion-resistant galvanized steel frame.</li>\n 	<li>Ensures proper air circulation, reducing heat stress.</li>\n</ul>",,,taxable,,1,,,0,0,,,,,1,,,,"Metplast, Products, Ventilation System",,,"https://metplast.com/wp-content/uploads/2025/03/2-1.png, https://metplast.com/wp-content/uploads/2025/03/3-1.png, https://metplast.com/wp-content/uploads/2025/03/2-1.png, https://metplast.com/wp-content/uploads/2025/03/1-2.png, https://metplast.com/wp-content/uploads/2025/03/1-2-scaled.jpg, https://metplast.com/wp-content/uploads/2025/03/4-1.png",,,,,,,,,0,,default,0,0,layout_options,50,,,,,,,
1831,simple,,,Cone Fan,1,0,visible,,"Powerful air circulation fan designed to enhance ventilation and maintain optimal temperature.\n\n<strong>Key Features &amp; Benefits:</strong>\n<ul>\n 	<li>High airflow efficiency.</li>\n 	<li>Sturdy construction for long-term use.</li>\n 	<li>Reduces humidity and ammonia buildup.</li>\n</ul>",,,taxable,,1,,,0,0,,,,,1,,,,"Metplast, Products, Ventilation System",,,https://metplast.com/wp-content/uploads/2025/03/Cone-fan.jpg,,,,,,,,,0,,default,0,0,layout_options,50,,,,,,,
1832,simple,,,Ventilation Fans,1,0,visible,,"Designed to evenly distribute airflow inside poultry sheds, ensuring a balanced environment.\n\n<strong>Key Features &amp; Benefits:</strong>\n<ul>\n 	<li>Improves air quality and reduces temperature variations.</li>\n 	<li>Energy-efficient motor with moisture-proof design.</li>\n 	<li>Corrosion-resistant frame for longevity.</li>\n</ul>",,,taxable,,1,,,0,0,,,,,1,,,,"Metplast, Products, Ventilation System",,,https://metplast.com/wp-content/uploads/2025/03/Air-Circulating-fan.jpg,,,,,,,,,0,,default,0,0,layout_options,50,,,,,,,
1833,simple,,,Cooling Pad System,1,0,visible,,"An effective evaporative cooling system for poultry houses, greenhouses, and industrial workshops.\n\n<strong>Key Features &amp; Benefits:</strong>\n<ul>\n 	<li>High water absorption and fast pervasion rate.</li>\n 	<li>Up to 80% cooling efficiency.</li>\n 	<li>Non-toxic, environment-friendly material.</li>\n 	<li>Available in various sizes and materials.</li>\n</ul>",,,taxable,,1,,,0,0,,,,,1,,,,"Metplast, Products, Ventilation System",,,"https://metplast.com/wp-content/uploads/2025/03/Cooling-Pads.jpg, https://metplast.com/wp-content/uploads/2025/03/DSC_1729-scaled.jpg, https://metplast.com/wp-content/uploads/2025/03/IMG_3842.jpg, https://metplast.com/wp-content/uploads/2025/03/DSC_1731-scaled.jpg, https://metplast.com/wp-content/uploads/2025/03/DSC_1730-scaled.jpg",,,,,,,,,0,,default,0,0,layout_options,50,,,,,,,
1834,simple,,,Frames for Cooling Pad Control Panels,1,0,visible,,"Designed to securely hold cooling pads in place for optimal performance.\n\n<strong>Key Features &amp; Benefits:</strong>\n<ul>\n 	<li>Customizable to fit specific requirements.</li>\n 	<li>Material options from - galvanized iron, stainless steel, or aluminium.</li>\n 	<li>Ensures proper cooling pad positioning and durability.</li>\n</ul>",,,taxable,,1,,,0,0,,,,,1,,,,"Metplast, Products, Ventilation System",,,https://metplast.com/wp-content/uploads/2025/03/Frames-For-Cooling-Pads.jpg,,,,,,,,,0,,default,0,0,layout_options,50,,,,,,,
1835,simple,,,Nest Box,1,0,visible,,"Premium-quality nest boxes designed for enhanced laying performance and bird comfort.\n\n<strong>Key Features &amp; Benefits:</strong>\n<ul>\n 	<li>Made from high-quality galvanized steel.</li>\n 	<li>Available in 8 and 12-compartment models.</li>\n 	<li>Reduces egg breakage and contamination.</li>\n 	<li>Ergonomic design ensures easy egg collection.</li>\n</ul>",,,taxable,,1,,,0,0,,,,,1,,,,"Metplast, Products",,,"https://metplast.com/wp-content/uploads/2025/03/DSC_0029-scaled.jpg, https://metplast.com/wp-content/uploads/2025/03/DSC_0106-scaled.jpg, https://metplast.com/wp-content/uploads/2025/03/DSC_0110-scaled.jpg, https://metplast.com/wp-content/uploads/2025/03/DSC_0108-1-scaled.jpg",,,,,,,,,0,,default,0,0,layout_options,50,,,,,,,
1836,simple,,,Cage Mats,1,0,visible,,"Durable rubber mats designed to enhance bird comfort and reduce egg breakage.\n\n<strong>Key Features &amp; Benefits:</strong>\n<ul>\n 	<li>Soft, cushioned surface minimizes stress on birds.</li>\n 	<li>Reduces blisters and injuries.</li>\n 	<li>Improves overall egg quality and hatchability.</li>\n</ul>",,,taxable,,1,,,0,0,,,,,1,,,,"Breeder, Metplast, Products",,,"https://metplast.com/wp-content/uploads/2025/03/Cage-matts.png, https://metplast.com/wp-content/uploads/2025/03/WhatsApp-Image-2025-03-15-at-13.09.44.jpeg, https://metplast.com/wp-content/uploads/2025/03/WhatsApp-Image-2025-03-15-at-13.09.43.jpeg",,,,,,,,,0,,default,0,0,layout_options,50,,,,,,,
1837,simple,,,Debeaking Machine,1,0,visible,,"A fully automatic machine designed to ensure precise debeaking.\n\n<strong>Key Features &amp; Benefits:</strong>\n<ul>\n 	<li>Adjustable cauterization and blade temperature settings.</li>\n 	<li>Heats up in less than 30 seconds.</li>\n 	<li>Voltage: 220V ± 10%, Power: 200-250W.</li>\n 	<li>Lightweight and user-friendly operation.</li>\n</ul>",,,taxable,,1,,,0,0,,,,,1,,,,"Metplast, Products",,,"https://metplast.com/wp-content/uploads/2025/03/1.jpg, https://metplast.com/wp-content/uploads/2025/03/2.jpg, https://metplast.com/wp-content/uploads/2025/03/3.jpg",,,,,,,,,0,,default,0,0,layout_options,50,,,,,,,
1838,simple,,,Manure Removal System,1,0,visible,,"A comprehensive solution for efficient waste management in poultry houses.\n\n<strong>Key Features &amp; Benefits:</strong>\n<ul>\n 	<li>Automatic operation reduces labour and maintenance costs.</li>\n 	<li>Keeps poultry houses clean and hygienic.</li>\n 	<li>Reduces ammonia levels, improving bird health.</li>\n 	<li>Available with cross conveyors and elevating conveyors for easy manure transport.</li>\n</ul>",,,taxable,,1,,,0,0,,,,,1,,,,"Metplast, Products",,,"https://metplast.com/wp-content/uploads/2025/03/MRS-scaled-e1742968252632.jpg, https://metplast.com/wp-content/uploads/2025/03/MRS-2.png, https://metplast.com/wp-content/uploads/2025/03/MRS-2-scaled.jpg, https://metplast.com/wp-content/uploads/2025/03/IMG20240531113138-scaled.jpg",,,,,,,,,0,,default,0,0,layout_options,50,,,,,,,
4545,simple,,,Entry-Level S-Frame,1,0,visible,,,,,taxable,,1,,,0,0,,,,,1,,,,Metplast,,,,,,,,,,,,0,,default,0,0,layout_options,50,,,,,,,0
4546,simple,,,BroilMate,1,0,visible,,,,,taxable,,1,,,0,0,,,,,1,,,,Metplast,,,,,,,,,,,,0,,default,0,0,layout_options,50,,,,,,,0
4547,simple,,,Egg Collection System,1,0,visible,,,,,taxable,,1,,,0,0,,,,,1,,,,Metplast,,,,,,,,,,,,0,,default,0,0,layout_options,50,,,,,,,0
4548,simple,,,Manure Fermentation Tank,1,0,visible,,,,,taxable,,1,,,0,0,,,,,1,,,,Metplast,,,,,,,,,,,,0,,default,0,0,layout_options,50,,,,,,,0
4549,simple,,,Lighting System,1,0,visible,,,,,taxable,,1,,,0,0,,,,,1,,,,Metplast,,,,,,,,,,,,0,,default,0,0,layout_options,50,,,,,,,0
4550,simple,,,EC Shed System,1,0,visible,,,,,taxable,,1,,,0,0,,,,,1,,,,Metplast,,,,,,,,,,,,0,,default,0,0,layout_options,50,,,,,,,0
4551,simple,,,Smart Control Panel,1,0,visible,,,,,taxable,,1,,,0,0,,,,,1,,,,Metplast,,,,,,,,,,,,0,,default,0,0,layout_options,50,,,,,,,0
4552,simple,,,Inspection Carts,1,0,visible,,,,,taxable,,1,,,0,0,,,,,1,,,,Metplast,,,,,,,,,,,,0,,default,0,0,layout_options,50,,,,,,,0
